pctvar	PC
2.228417910801237	1
1.0328026818944638	2
0.5319883405585026	3
0.42061401206852933	4
0.3507518710497943	5
0.2828102557377174	6
0.2279913591677201	7
0.21775737025220998	8
0.18125548060887656	9
0.16332251977290535	10
0.15621042086641188	11
0.11511068671975705	12
0.11396910917168337	13
0.09960423876978215	14
0.09821917074619022	15
0.09684690371009327	16
0.09608710091682988	17
0.08689220334195599	18
0.08659439083216791	19
0.08267372240842484	20
0.082039705484547	21
0.07904399494959548	22
0.07630654858159897	23
0.07411463275981836	24
0.07342148129440038	25
0.07236728003977304	26
0.07045361211667542	27
0.06969871744074982	28
0.06827064179593635	29
0.06645605335438202	30
0.06622630318578461	31
0.06468728927182078	32
0.06314545839153601	33
0.06252223074511269	34
0.06110531014435794	35
0.06089093116829833	36
0.05983339556012015	37
0.058907523907537465	38
0.0587625374812039	39
0.0574504857816228	40
0.056975500397598404	41
0.05626116801765462	42
0.055874675559185204	43
0.055787343394284074	44
0.055428725652327246	45
0.05460067807354812	46
0.05445526600486878	47
0.05420142488353703	48
0.05391375383005846	49
0.05364600350065325	50
0.05345815855135373	51
0.05313958013423092	52
0.05299434779459988	53
0.05244050415290485	54
0.052276939551497134	55
0.05187472394270963	56
0.05173808499439406	57
0.05127381399610356	58
0.05110699622091372	59
0.05080262342141222	60
0.05071656488538028	61
0.05022530618022481	62
0.05003856861068327	63
0.049837094527810995	64
0.049783128361085706	65
0.049570673235007634	66
0.04937319343446951	67
0.04893813250139334	68
0.04874691726314805	69
0.04853578729355749	70
0.048463556257047895	71
0.04809356854289896	72
0.04793346144372943	73
0.047820510900474796	74
0.04758378403523281	75
0.04743862133603653	76
0.04741440864492632	77
0.04735749398190546	78
0.047167460219997286	79
0.04689072360202005	80
0.04686594338665725	81
0.04686080189249786	82
0.04660139979599769	83
0.04651843477036417	84
0.04650816158101071	85
0.04640625888985193	86
0.046361190501508484	87
0.04623196728734976	88
0.04613337688369755	89
0.04608239153668309	90
0.04596081448654857	91
0.04593333525475065	92
0.0459029834900017	93
0.045807973570121625	94
0.045744270653240236	95
0.04569905408865322	96
0.04567748517312326	97
0.04555817821366215	98
0.045498015602396406	99
0.04548763574869401	100
0.04542779900039759	101
0.045376340329972585	102
0.04532664372492174	103
0.04528894597085083	104
0.04525435931310369	105
0.0452128496310873	106
0.04519749601836397	107
0.045149235378320156	108
0.0451244702144077	109
0.04508274900323416	110
0.044979949975929676	111
0.04493267201680985	112
0.04490738802198599	113
0.04489310442733291	114
0.04485542218582282	115
0.04482415959780538	116
0.044777738467990276	117
0.044768004525025405	118
0.04474922405360364	119
0.04470443910856943	120
0.04469292038125752	121
0.044649798518940444	122
0.04459977750674693	123
0.044591633601368384	124
0.044551652289771475	125
0.04450208958410483	126
0.044474001290065526	127
0.044420074430808025	128
0.044406717623505454	129
0.04437994077306977	130
0.04430473705676927	131
0.04428777424800763	132
0.04426681823014652	133
0.0442461651493668	134
0.04421432914451317	135
0.04417321943534694	136
0.04416549119138981	137
0.04411469874924596	138
0.04409399854544987	139
0.04407891809349956	140
0.04403219542094578	141
0.0440128490447632	142
0.043988808257027674	143
0.04393483733324173	144
0.043906632621187845	145
0.04387341179916396	146
0.043858745428175944	147
0.04384401774303329	148
0.04378728889870098	149
0.04374950075405842	150
0.04374199019900818	151
0.04367721631425989	152
0.043659617196835615	153
0.04362018232990552	154
0.043610395634825834	155
0.04357487895441951	156
0.04356846311651885	157
0.04353259467952252	158
0.043515784218629804	159
0.04350557198691213	160
0.04348601447197212	161
0.04345666967859708	162
0.04341541022428565	163
0.04337668202495985	164
0.043358635053362474	165
0.043344299834758196	166
0.04332728144520266	167
0.04329328911972787	168
0.043275009299685044	169
0.04326296271873316	170
0.04321431909833437	171
0.04319819508167124	172
0.04317516692688171	173
0.043159559353031896	174
0.043140819325904224	175
0.043116954773139066	176
0.04309827505706594	177
0.043058289565859324	178
0.04304179535345262	179
0.04300672148767398	180
0.04299294837693231	181
0.042969450856720444	182
0.04296262558847879	183
0.04294670553074081	184
0.04292908939663312	185
0.04290301868035784	186
0.04289067643076493	187
0.04286329568654813	188
0.042843056487664635	189
0.04282064150595441	190
0.04279119677513381	191
0.04278250263497906	192
0.04274467929636464	193
0.0427276113780649	194
0.04271784413550789	195
0.04269887733647737	196
0.04267634746943449	197
0.04265147706474883	198
0.04263489161181782	199
0.04260225396575098	200
0.04259192191312929	201
0.04257782790292614	202
0.042569086381212685	203
0.042543864871394325	204
0.04248732703890311	205
0.04247457399084323	206
0.042460657528074736	207
0.0424545100183369	208
0.042440928630331685	209
0.042419899146276814	210
0.042406927012607704	211
0.04239718642634746	212
0.04236864796991469	213
0.042338995554738294	214
0.042320970953138	215
0.042311880568708424	216
0.042270231815218676	217
0.04223984591814479	218
0.042208065779270394	219
0.04220611497752735	220
0.0421855159222356	221
0.042159303422048135	222
0.042146067366167765	223
0.04211589326406939	224
0.042107915938350685	225
0.04209597988871862	226
0.04207622368949513	227
0.04205556075608276	228
0.04202715767265174	229
0.042017389944688066	230
0.042000247371412835	231
0.04197141314633147	232
0.04195472206843851	233
0.04194770474716703	234
0.04189762649361312	235
0.041896642770515045	236
0.04187308339427451	237
0.041866306068770516	238
0.04184576414917564	239
0.041836408055142715	240
0.041830503242853714	241
0.04179770361549612	242
0.041773697531546646	243
0.041756164213463315	244
0.04175384513101719	245
0.04173942954854419	246
0.04171901835265025	247
0.04167872583508637	248
0.041674873563919294	249
0.04166192339139821	250
0.04162924090695494	251
0.04159972962587806	252
0.04158749031623901	253
0.041579467202402035	254
0.041552829277765664	255
0.0415293028944007	256
0.041522850200692574	257
0.041507674151439	258
0.04149243290641637	259
0.04147449943204368	260
0.04145064749383893	261
0.04144472621785616	262
0.041422947434407095	263
0.04140674312892431	264
0.041385288664621385	265
0.04137201454517245	266
0.04134716449068115	267
0.04134075206840595	268
0.04131966962351942	269
0.041314819033296646	270
0.041293775741843994	271
0.04127516859691021	272
0.041268710541587	273
0.041250333649949254	274
0.04123752904209709	275
0.041193204057811704	276
0.04118803612405377	277
0.04117463954838463	278
0.041161739675974376	279
0.041143772726663926	280
0.0411182858054624	281
0.041104251931321445	282
0.04108309849059882	283
0.041071220231519934	284
0.041049609635784474	285
0.04103961173467853	286
0.04100704799461754	287
0.041002327677411854	288
0.04099833642007024	289
0.04097871844994324	290
0.040964287254762456	291
0.04095185036131067	292
0.040935043073660006	293
0.04091627669651299	294
0.040895559764198515	295
0.04088645715985223	296
0.040875900195748625	297
0.04086883589884292	298
0.04085728136697889	299
0.040850154849746856	300
0.040832916444522374	301
0.040798947199057085	302
0.04078537545974202	303
0.04077430278756714	304
0.040753635793040734	305
0.04073606177772598	306
0.04072535442521073	307
0.040700752199257006	308
0.040684623287026773	309
0.04067482812911406	310
0.04066216607515728	311
0.040654129834247855	312
0.040632239420295424	313
0.04061144298317916	314
0.04060160262175108	315
0.0405709110769841	316
0.04054244579162388	317
0.040532748679464936	318
0.040522828554442336	319
0.04051611170722024	320
0.0405005234208412	321
0.0404816791719882	322
0.04047431430594765	323
0.04046221981306698	324
0.04044641704798556	325
0.04042200926673154	326
0.04040796300829779	327
0.0403960331550854	328
0.04039237832857983	329
0.04037673134397498	330
0.04036346573845216	331
0.04033475616869325	332
0.04032638481544242	333
0.04032090643200991	334
0.04029403581432653	335
0.04028046402569458	336
0.04027079273699829	337
0.04024973368583629	338
0.04023861935344534	339
0.0402281101544952	340
0.04020253243720562	341
0.04018565377447177	342
0.040165977667924395	343
0.04014955474954999	344
0.04013622428382805	345
0.04011526627100498	346
0.0400980864389891	347
0.04009502771846289	348
0.04007286415104444	349
0.04005558768149094	350
0.040039758211302484	351
0.0400258173654329	352
0.040017351475015527	353
0.04000114282504395	354
0.03999467377676167	355
0.03997254028300586	356
0.039964657848142	357
0.03994723719729743	358
0.03993306594706192	359
0.039920118942823324	360
0.039894502802585496	361
0.039874794274715894	362
0.03986977943206617	363
0.03984193552575252	364
0.039833307437897654	365
0.03982830702760819	366
0.039814815637845016	367
0.03979711441573057	368
0.039792953274921924	369
0.039775260152549695	370
0.039764271964776464	371
0.03973506680317183	372
0.03973433922184658	373
0.03970609207720243	374
0.039699646268026696	375
0.039687100025962395	376
0.03966552411436029	377
0.039652068770887255	378
0.03963788183597626	379
0.03962397301501957	380
0.03961394200214224	381
0.03960475578590342	382
0.03958721823325327	383
0.03956644707868946	384
0.03955281725844343	385
0.039546824343025894	386
0.03953244169347542	387
0.039523265393893545	388
0.03949972044330929	389
0.03948842401911655	390
0.03946894248334221	391
0.03946337868907468	392
0.039449296793914804	393
0.039428227130346646	394
0.039409398572480533	395
0.03940493677539974	396
0.03939956034182817	397
0.03938545133361131	398
0.03936853911012125	399
0.03936303994348653	400
0.03934897571146153	401
0.039330841164179293	402
0.039310683772600954	403
0.039303766061583624	404
0.03929414900457066	405
0.03928185642725711	406
0.039266045857581325	407
0.0392489198016987	408
0.03922939436662095	409
0.03921790620416079	410
0.039210854431701796	411
0.03919520248475847	412
0.03917953622625158	413
0.0391743216637833	414
0.039155011136497234	415
0.03914430716714676	416
0.03913932236465264	417
0.03912494367849386	418
0.03910744115075271	419
0.03910023662742833	420
0.03909179744108701	421
0.03907482549188554	422
0.039060592595707114	423
0.03903634906121192	424
0.03901865574398456	425
0.03901289315376872	426
0.03900647446763234	427
0.03898666335751977	428
0.0389774962503392	429
0.038962008602252296	430
0.03894953901317719	431
0.03893995343403748	432
0.038931264119738795	433
0.03889111565374485	434
0.03888633253241951	435
0.038882835664667326	436
0.038872488671541576	437
0.03885473055439878	438
0.03884878918440097	439
0.038833899917999674	440
0.038826539201530244	441
0.038814735256256075	442
0.03879850855285278	443
0.03878924391934135	444
0.03875793189467327	445
0.03874187301285172	446
0.038733693601138236	447
0.038721550271644554	448
0.03870043493471061	449
0.038681337245404186	450
0.03867310373731692	451
0.038650968495646185	452
0.038645376629590625	453
0.0386337648853769	454
0.038621894186795375	455
0.038609323723733734	456
0.038600825591106225	457
0.038597272837020136	458
0.038576812529704026	459
0.038551888346838314	460
0.03855148339329266	461
0.03853831737528423	462
0.03853451852029826	463
0.038514086530102944	464
0.038508327246413294	465
0.03848010821080392	466
0.03846465207736154	467
0.038458105921685484	468
0.038452514937606826	469
0.038442040856786756	470
0.038425585846410745	471
0.03842004349455494	472
0.03840734239332724	473
0.03839981239874147	474
0.03838193327152224	475
0.03836923068540678	476
0.038357909236757165	477
0.038345733280894974	478
0.03834279627486101	479
0.03832798013505106	480
0.03831691064301488	481
0.038305158411771	482
0.03827738302180263	483
0.03826562005442216	484
0.0382566762173776	485
0.03824722465635703	486
0.038222318871640605	487
0.03821073299509184	488
0.03820207151340526	489
0.03819771326393154	490
0.03817663252584169	491
0.03816440326108657	492
0.03816393238706968	493
0.038147518926139976	494
0.038146254862300825	495
0.03813719666967881	496
0.0381318903002463	497
0.03810442745407209	498
0.03810146252610078	499
0.03808860678414358	500
0.03806907454496138	501
0.038049469560558644	502
0.038041903016213824	503
0.0380160584838924	504
0.03800787610160218	505
0.03800193835257126	506
0.03797957529934916	507
0.037956582902845634	508
0.03795502915030891	509
0.03794490792742743	510
0.03793399221197533	511
0.03791640231567722	512
0.03790890408636433	513
0.0379016081464565	514
0.03788802146322279	515
0.03787011217385606	516
0.037863275230268174	517
0.03785334527193409	518
0.03784336559300792	519
0.03783227672292545	520
0.03781668260207131	521
0.03779780725365761	522
0.037786666341358736	523
0.03778120153373651	524
0.03776872989934867	525
0.03775831423132484	526
0.0377380507437725	527
0.03772983837551338	528
0.03771926598039683	529
0.03770919617926049	530
0.03768419120406086	531
0.03766861205656345	532
0.037663182369292954	533
0.037647835482965145	534
0.03764092735319936	535
0.03763096214535991	536
0.0376216746872089	537
0.037610317463416226	538
0.037599990124760285	539
0.037585484228173066	540
0.03757363179722993	541
0.03755609302055704	542
0.03755375349801091	543
0.03754495295789375	544
0.03753334414602296	545
0.03752802181044492	546
0.037504836101864884	547
0.037499761558981604	548
0.037485896883104684	549
0.03748100724002779	550
0.03746854904602609	551
0.03744257044764212	552
0.03743761540802407	553
0.03743152073219653	554
0.03742087262648262	555
0.03740917068416645	556
0.03739502859925599	557
0.03738524097308509	558
0.037376141433229995	559
0.03736755761348511	560
0.0373520757832048	561
0.03734125404077864	562
0.03732896406054751	563
0.03732159051829402	564
0.03730056971060261	565
0.03729225220174802	566
0.03727611457256787	567
0.03726457935118548	568
0.037247333944762095	569
0.0372383299993759	570
0.037226680062106866	571
0.03722172070875401	572
0.03720993226750881	573
0.037189948635697995	574
0.03718804879308268	575
0.03717775896953013	576
0.03716723009162202	577
0.0371529399890043	578
0.03715184570234295	579
0.0371392882733329	580
0.03712883477054393	581
0.03712126418514969	582
0.03710305316584298	583
0.03709904490387355	584
0.03707346987580879	585
0.037070359588722415	586
0.037060951566704976	587
0.03705822634135221	588
0.037031384627689845	589
0.037023034944899995	590
0.037006655984227046	591
0.03700043223322444	592
0.036993524090205523	593
0.036981535831416175	594
0.03697418664260038	595
0.036967046256272486	596
0.036946694966739704	597
0.03693260664222591	598
0.03692864198536965	599
0.03691968979049492	600
0.03690709997220511	601
0.036887052170774405	602
0.036873814645450836	603
0.036869927136262345	604
0.03685830326574107	605
0.036842607730935346	606
0.036834689832772174	607
0.03681452712850613	608
0.03681031415092477	609
0.03680171809091404	610
0.03678840570668312	611
0.03678256002181281	612
0.03676213757228633	613
0.03675077477317931	614
0.03674541659282075	615
0.03673383422482109	616
0.03672361406850553	617
0.03671962719787055	618
0.036708543620067015	619
0.036701833023929833	620
0.036685205714285976	621
0.03666506680594472	622
0.03666161893868212	623
0.03665333188773158	624
0.03664105999534631	625
0.03663432549456145	626
0.03662142648652195	627
0.03660958421477027	628
0.03658389780874533	629
0.03657163161301842	630
0.036567153541372105	631
0.0365583909116943	632
0.03655313840349545	633
0.03654426212092645	634
0.03652609517363094	635
0.036514220301748126	636
0.03650951309937878	637
0.0364983255651362	638
0.03649663569785855	639
0.036475856214393275	640
0.03646338953069288	641
0.03644974096119996	642
0.036434809076593654	643
0.036430167176694124	644
0.036419808564722864	645
0.03640513500446694	646
0.0363970575760391	647
0.03638795169028819	648
0.036381675243349065	649
0.03636828093326423	650
0.03636471644781914	651
0.036349085875671025	652
0.03633867460634722	653
0.036333784645889086	654
0.036319649388257755	655
0.0363096905165726	656
0.03629888888953083	657
0.03628330977184782	658
0.03627080692187352	659
0.03625881258020261	660
0.03625327334864758	661
0.03623980438646847	662
0.036230193592646724	663
0.03621693815428304	664
0.036209191799534336	665
0.03620117290875419	666
0.036198334207375844	667
0.036181933932845495	668
0.03616994998539288	669
0.03616279462557056	670
0.03614746786432178	671
0.03614175562732444	672
0.036128776628748145	673
0.036124779858639856	674
0.036096095150243715	675
0.03609469083896505	676
0.03608274284407315	677
0.03607562262651953	678
0.03607117612936032	679
0.03606028844408726	680
0.03603721396449365	681
0.0360295080216192	682
0.03601819336732743	683
0.036008886585198685	684
0.03600325409042491	685
0.035991641271365615	686
0.03597833870764549	687
0.03597025566173923	688
0.035967501241446855	689
0.03594777299496738	690
0.035928845399807445	691
0.03592105002222453	692
0.03591573299045583	693
0.03591027218953801	694
0.03589871858987699	695
0.03589733568725535	696
0.035885708214498824	697
0.03586860200904611	698
0.03585910698557318	699
0.0358498982033928	700
0.03584067674691956	701
0.035834867451694154	702
0.03581367887378727	703
0.03580694310728129	704
0.03579106491934374	705
0.03576830031282669	706
0.035760961449117404	707
0.03575727504403595	708
0.03574103132177857	709
0.03573101179505663	710
0.035723225762217474	711
0.03571802569833546	712
0.035708600855846144	713
0.035692470243842346	714
0.03568568243831162	715
0.03567812229074484	716
0.035662428363561705	717
0.035655903721841034	718
0.03563604897536577	719
0.03563097849080926	720
0.03562375011642781	721
0.035615726033755374	722
0.035594386723204426	723
0.03558670520098608	724
0.035578415353574984	725
0.035576158754718146	726
0.03556515605896579	727
0.0355567666168791	728
0.03554324103361105	729
0.035524966373128436	730
0.03551835249772339	731
0.03550669420571695	732
0.035493776924564	733
0.035488906313500275	734
0.03547662483521435	735
0.035462823379558014	736
0.03545724008384875	737
0.035453213298379166	738
0.03543340416372454	739
0.035422246910179825	740
0.0354180787235176	741
0.03541402737068179	742
0.03540081452499637	743
0.035389998009877216	744
0.03537480177093499	745
0.035364870535164274	746
0.03535518144761524	747
0.03534724014743099	748
0.03532971362352094	749
0.03532383090128434	750
0.03531854834454346	751
0.03529955158555625	752
0.03529817883763049	753
0.03528589185201005	754
0.03527320454980933	755
0.03526773130017618	756
0.03526227742287392	757
0.035251416412912566	758
0.0352403082677629	759
0.03522520313971071	760
0.035217716368771634	761
0.03520493694580391	762
0.03520440650791919	763
0.035192747306410053	764
0.03518572430475238	765
0.035169836495446076	766
0.03515616227205448	767
0.03513933260727917	768
0.035130750055105624	769
0.03512593680106159	770
0.035117500448997335	771
0.035116555887940895	772
0.03510896415419529	773
0.035092384258925136	774
0.03508143268147367	775
0.03507227153720034	776
0.035051229046056176	777
0.03504498441040166	778
0.03504321412790981	779
0.035034161392366064	780
0.035030884767367695	781
0.03501543232450005	782
0.03500383523579821	783
0.03499571484142435	784
0.03498396263870117	785
0.03497961912332922	786
0.03496663825585043	787
0.034959650805718674	788
0.0349523556649442	789
0.03493552613444191	790
0.03493161035336796	791
0.03492365445407855	792
0.03491772190820928	793
0.03490102959568911	794
0.03489468938433712	795
0.03488915958444428	796
0.03486728226417918	797
0.03485830610797471	798
0.03484178086551481	799
0.034831330176719535	800
0.03482599910334635	801
0.03481969588814409	802
0.0348020626964753	803
0.03479367716669646	804
0.03477853650985939	805
0.03476492345153795	806
0.034760836553938225	807
0.03474973889690723	808
0.03474355571225134	809
0.03473579347212025	810
0.034720364036270546	811
0.03471459333033326	812
0.03470643637399288	813
0.03468977005689584	814
0.034680170201704025	815
0.03467462352898015	816
0.03467003313019134	817
0.03465969657413393	818
0.03464269203839557	819
0.03463868648564217	820
0.03462759836769369	821
0.034621194648351276	822
0.034610277118410894	823
0.03460257224062946	824
0.034583004016209076	825
0.0345732760991566	826
0.034563366042718265	827
0.0345517075344262	828
0.03453645995746592	829
0.03452810796946893	830
0.03452246781529904	831
0.03451629094449738	832
0.034506244509460895	833
0.03449322317737817	834
0.03448688435972415	835
0.03447394345146074	836
0.03446654787855844	837
0.03445369956882029	838
0.03444505107259361	839
0.03444064381426941	840
0.03443500121267017	841
0.034423365486165376	842
0.034417504164336456	843
0.03439642883858635	844
0.0343897437269215	845
0.03437682118624643	846
0.03437014800018796	847
0.034365586545159026	848
0.034353697367525936	849
0.03433701173648711	850
0.03433122615157074	851
0.034326334530840025	852
0.034309090023432236	853
0.03429124783069401	854
0.03428345268671472	855
0.034279675347207196	856
0.034273385779168705	857
0.03426602922615396	858
0.03425553576172123	859
0.034249171466709145	860
0.03423429147477417	861
0.03422829746239008	862
0.03421825690100814	863
0.03420765953707183	864
0.03419184806027593	865
0.03417992456804986	866
0.03417474352794525	867
0.034164118801273714	868
0.034155273262475305	869
0.034151815916676764	870
0.03414054893227123	871
0.03412039781197081	872
0.0341166122114419	873
0.034115598492791485	874
0.03410662200094608	875
0.034100964856706384	876
0.03408247357321868	877
0.034075291240080054	878
0.034072212839810226	879
0.034064625077680544	880
0.03405242257628689	881
0.03404580449494797	882
0.034036826660388715	883
0.03401467759416654	884
0.034000652565830826	885
0.033993570815679434	886
0.03398963937530209	887
0.03397832665778282	888
0.03397474524435894	889
0.03396518482995771	890
0.033957284279816584	891
0.0339484449000028	892
0.03394361047624191	893
0.033936998517519426	894
0.03392709476742231	895
0.03391635565481667	896
0.033896869092900066	897
0.033884700463816676	898
0.03387980223166159	899
0.03387820075111573	900
0.033865257684195654	901
0.03385181082261091	902
0.03384757262877098	903
0.033835030165702	904
0.033828967531696376	905
0.03382336880116736	906
0.033801554683537925	907
0.03379700029542929	908
0.03378555743148145	909
0.033777391191605104	910
0.03376577900868727	911
0.03375866904111098	912
0.033753168137317414	913
0.033741462296967735	914
0.033737671664710464	915
0.033727688130526026	916
0.033712267344915385	917
0.03370631724438639	918
0.03369861099108215	919
0.03368990015922239	920
0.03367596078488353	921
0.03366427242982399	922
0.033646945594463226	923
0.03364454768464474	924
0.03364088407564493	925
0.03363202967022051	926
0.033618553329681396	927
0.03360958200192888	928
0.033600732288343815	929
0.033599859189979174	930
0.0335864608803841	931
0.03357442607817293	932
0.03357401601993114	933
0.03356392046145234	934
0.03355389431163617	935
0.03355166417255527	936
0.03353897506995927	937
0.03352877173817645	938
0.03351694102125882	939
0.03350059821334077	940
0.03349380354792117	941
0.03349287822576964	942
0.03347166994829119	943
0.03346675976854358	944
0.033461132565232574	945
0.03345510015619268	946
0.03344101318404144	947
0.03343915930229123	948
0.033430178126578	949
0.03342632007216941	950
0.033406085069359694	951
0.03340208171595628	952
0.03339678781773068	953
0.03338734846125062	954
0.03337133130665724	955
0.03336074153263716	956
0.033356954610322495	957
0.03334187075837016	958
0.033338143896197714	959
0.03333044991147844	960
0.03332605241469398	961
0.03331567917418903	962
0.03331318918433656	963
0.033300618370753245	964
0.033286796214085146	965
0.03327898628951909	966
0.03327099757515506	967
0.03326532305657232	968
0.03324877056989557	969
0.0332437085798652	970
0.03323193562305211	971
0.03322128567261377	972
0.033217619092932735	973
0.0332101229305063	974
0.033199172258418216	975
0.0331826411634304	976
0.033170616120273805	977
0.033168387070209956	978
0.033160088656327226	979
0.03315117410054653	980
0.0331475745629124	981
0.03313619064484098	982
0.03312452930671202	983
0.03312130735158164	984
0.03310892277624876	985
0.033107095655586595	986
0.033098947705854385	987
0.03308745420758626	988
0.033070485570425585	989
0.03306601947730886	990
0.03304504837940939	991
0.03304266121443458	992
0.033033605449384926	993
0.0330276326981024	994
0.03302129904740043	995
0.0330026605461104	996
0.032996730117116645	997
0.032989712368757806	998
0.032980835952180994	999
0.032970507347635764	1000
0.032966912507999185	1001
0.03295456892223642	1002
0.0329452543153318	1003
0.03294353943798939	1004
0.032928817940194414	1005
0.03292274975754598	1006
0.032916571576768514	1007
0.032899067896327655	1008
0.0328961177290141	1009
0.03288802996265582	1010
0.03287624028843948	1011
0.03287242833220636	1012
0.032862896643884955	1013
0.03285429146372536	1014
0.032837569319743354	1015
0.032828802978119916	1016
0.032816069112582884	1017
0.03280764249049347	1018
0.032795603175931755	1019
0.032790402878011826	1020
0.03278360013006675	1021
0.032771536530735335	1022
0.03276023037183142	1023
0.03275461327567292	1024
0.0327501456219549	1025
0.03273369122776036	1026
0.032724214641744395	1027
0.03271764947570318	1028
0.03271164875331274	1029
0.032706493142580305	1030
0.03270328269407914	1031
0.03268170576959876	1032
0.0326737562248309	1033
0.032668818534238725	1034
0.03266016246333876	1035
0.03265155367465177	1036
0.032647984160339455	1037
0.03264177090611526	1038
0.032629790401333486	1039
0.03262546529112566	1040
0.03260871850343879	1041
0.03260550002271942	1042
0.03259803610850655	1043
0.032590180288768006	1044
0.03257818222754122	1045
0.032558946984114254	1046
0.03254888054068467	1047
0.03254621221248829	1048
0.03253805629530203	1049
0.03253655320633875	1050
0.03252837755139721	1051
0.0325201996937407	1052
0.032512472206836	1053
0.03249301218196891	1054
0.03248785006978116	1055
0.032480572374554866	1056
0.032469334586149846	1057
0.03246776775817051	1058
0.03245839992954316	1059
0.03244177001132633	1060
0.03243873650910748	1061
0.03241861090719796	1062
0.0324120296746966	1063
0.03240528738037284	1064
0.03240391699071862	1065
0.03239861269018146	1066
0.032385192506608616	1067
0.0323724657755428	1068
0.032361321487848684	1069
0.03235281027889907	1070
0.032346598234442275	1071
0.03233649397157225	1072
0.032330265101756	1073
0.03231393814234907	1074
0.0323084520225225	1075
0.032300815695320055	1076
0.03228794614941639	1077
0.032280869059884046	1078
0.032277998017293544	1079
0.03227238589467102	1080
0.032256303612844386	1081
0.032246491932056254	1082
0.03224159932666154	1083
0.03223517728486639	1084
0.03221946358480411	1085
0.032212727227243554	1086
0.032208814822632	1087
0.032202354011554586	1088
0.03218249527690625	1089
0.032179880509585396	1090
0.032174276557191586	1091
0.032162089229518465	1092
0.032149599676395135	1093
0.03214557110844092	1094
0.03213982459480412	1095
0.0321271829080426	1096
0.03211948378379554	1097
0.03211346487973195	1098
0.0321120981871935	1099
0.032105153870549255	1100
0.03208778391196003	1101
0.03208355886696568	1102
0.032074802462028845	1103
0.03206989870929801	1104
0.03206276569510454	1105
0.03206011755384381	1106
0.032051018456516533	1107
0.03204188631648422	1108
0.03203548833546622	1109
0.03202816104651643	1110
0.032017725727074384	1111
0.032004394209278315	1112
0.03199435221450061	1113
0.031991776761550274	1114
0.03198334156517696	1115
0.0319751930686506	1116
0.03197174582996893	1117
0.031962243784244726	1118
0.03195174306797324	1119
0.0319454062045675	1120
0.03193977594150107	1121
0.03193253662102485	1122
0.03192147317093915	1123
0.0319136335013917	1124
0.03191103037040761	1125
0.03189669593151642	1126
0.031889309225438506	1127
0.03187503180937375	1128
0.03186825533010949	1129
0.031850790260083264	1130
0.03184322900356505	1131
0.031837325333445354	1132
0.03182319969088725	1133
0.03182146303908723	1134
0.03181272656675278	1135
0.031807599803058424	1136
0.031793118970082974	1137
0.03178212318003701	1138
0.03177877334477225	1139
0.03176656426932085	1140
0.03175693883391343	1141
0.03174556379683117	1142
0.0317421497628212	1143
0.03173939961352505	1144
0.03172644965057498	1145
0.031713493259504746	1146
0.03170467168960227	1147
0.031702496669282446	1148
0.03169612219595921	1149
0.03168421153723283	1150
0.03167365325789912	1151
0.03166066758676677	1152
0.031646533538246514	1153
0.031642987362649054	1154
0.031636672713176835	1155
0.031630029288914736	1156
0.03162343226070453	1157
0.03161902785472629	1158
0.03161340317460313	1159
0.03160202592025441	1160
0.03159211304855108	1161
0.03159079295136095	1162
0.03157837756618547	1163
0.031564603936309665	1164
0.031559329452805304	1165
0.03154301803574565	1166
0.0315400250484842	1167
0.03152546759072762	1168
0.03151690115286081	1169
0.03151062410971903	1170
0.03150107498294591	1171
0.03149557342067111	1172
0.03147798031219551	1173
0.03147256651331442	1174
0.03146519355317142	1175
0.03145387655108767	1176
0.031449920942852934	1177
0.03144652202250767	1178
0.031438117459104055	1179
0.03143098756004323	1180
0.03142290834043135	1181
0.031413942538353765	1182
0.03141178066838217	1183
0.031402537184405756	1184
0.03138812956418601	1185
0.03138413291593109	1186
0.03137131698459998	1187
0.03136486637307544	1188
0.031356203012835884	1189
0.03135237730107814	1190
0.03134936487367798	1191
0.031337235692945116	1192
0.03132671956398789	1193
0.031319119625091096	1194
0.031305443949646364	1195
0.03129293278929149	1196
0.031290688508341415	1197
0.03127889400559522	1198
0.03126988352800493	1199
0.03126238969822258	1200
0.031249026497182086	1201
0.031238814265864067	1202
0.031234286083825193	1203
0.031226188089430913	1204
0.03121756521317661	1205
0.031206980735616164	1206
0.03119940265409598	1207
0.031185611762815712	1208
0.031180786326840647	1209
0.031175344076933197	1210
0.03116286620994754	1211
0.031154939675272324	1212
0.031148155442051156	1213
0.031147723670527424	1214
0.031131198044916514	1215
0.03112401337794279	1216
0.031118286929700548	1217
0.031115181853807638	1218
0.031108768491799225	1219
0.031099427538291924	1220
0.031088600994804372	1221
0.031074886013894593	1222
0.03105698476072327	1223
0.031050978415573256	1224
0.031048380163029667	1225
0.03104558884361487	1226
0.03104082337877843	1227
0.03103357495513082	1228
0.031026752346014434	1229
0.03101893869204183	1230
0.03101170708623478	1231
0.031001538680549202	1232
0.03099823638577382	1233
0.030982773160211145	1234
0.030976321190233195	1235
0.030972411945248045	1236
0.030967499483904384	1237
0.03095598849475479	1238
0.030951618718460232	1239
0.030938062963629952	1240
0.03093125820862158	1241
0.03092911560405346	1242
0.03091516170596355	1243
0.030912196978930707	1244
0.03090316457985466	1245
0.03089985537359682	1246
0.030890021822108142	1247
0.030880409788858552	1248
0.030870054352574745	1249
0.03086357775284138	1250
0.030849285278075123	1251
0.03084042910345455	1252
0.030836550738911	1253
0.030833113672879536	1254
0.030828865148936305	1255
0.03081212755492244	1256
0.030804892671066876	1257
0.030796293992976037	1258
0.030795041682569097	1259
0.030792874307793323	1260
0.030775404220646604	1261
0.030768853862128916	1262
0.03075725074236691	1263
0.030746111533315235	1264
0.0307422442352373	1265
0.03073601850683573	1266
0.030728630721862236	1267
0.030724728694802878	1268
0.030704271717370706	1269
0.030702590791488106	1270
0.030689019661938217	1271
0.03067858426463761	1272
0.030676724116502223	1273
0.030670894190382523	1274
0.030665246849654822	1275
0.030660966775615778	1276
0.030650270443838317	1277
0.03064471101125759	1278
0.030640759463744775	1279
0.030632013750397556	1280
0.030617328972379235	1281
0.030605634426813702	1282
0.030597768897469124	1283
0.030591886740984807	1284
0.0305895676650931	1285
0.030575933010144565	1286
0.0305674938761414	1287
0.03055451247913215	1288
0.03055248520555379	1289
0.030545547120215906	1290
0.030539352746817242	1291
0.030534031250619483	1292
0.030524782497378344	1293
0.030518268602043812	1294
0.030506602559018763	1295
0.030500930975672944	1296
0.03049234357735561	1297
0.030483934239620286	1298
0.03047368615168462	1299
0.030465842139501233	1300
0.030460800194919698	1301
0.03045105138963766	1302
0.03044673564322129	1303
0.030434023475572475	1304
0.03042426579560766	1305
0.03042001092671009	1306
0.03040987070639831	1307
0.030405801412227155	1308
0.030395330792291567	1309
0.030385655749253306	1310
0.03037947375154586	1311
0.030373163265030173	1312
0.030364558501972207	1313
0.030356881751331118	1314
0.030344952076017825	1315
0.030338608482805497	1316
0.030330367975216054	1317
0.03031801534551634	1318
0.030311649781916982	1319
0.030303087720360698	1320
0.030287412546131747	1321
0.030283010201166267	1322
0.030282220141330023	1323
0.03026956968477236	1324
0.03026230203661752	1325
0.030251299276918445	1326
0.030244512922177638	1327
0.030228704653330447	1328
0.03021489458870414	1329
0.030211216194006928	1330
0.030205762665132842	1331
0.03020333759777039	1332
0.030202245288691417	1333
0.030196011327223875	1334
0.030183074198884698	1335
0.03017684164792926	1336
0.030158791817478797	1337
0.0301548257100317	1338
0.030149768720106516	1339
0.030133354941580925	1340
0.0301256584497314	1341
0.030118343110899705	1342
0.03011244246694767	1343
0.030103574953917786	1344
0.030097273194465105	1345
0.030094867162234182	1346
0.030084354955612305	1347
0.03007335102221509	1348
0.030069594913097117	1349
0.030062742000225285	1350
0.030049450006355463	1351
0.030048417050513785	1352
0.03004094772793996	1353
0.030026604916740668	1354
0.03002304899310737	1355
0.030007694775868298	1356
0.03000556377616124	1357
0.03000178227286277	1358
0.02999304168300074	1359
0.029991696259963244	1360
0.02998449914188123	1361
0.02997748433058099	1362
0.029966123382627306	1363
0.029956461026116946	1364
0.029950761433822304	1365
0.029946025522153745	1366
0.029937628222450236	1367
0.029932675834252978	1368
0.029930237052229296	1369
0.02991305268487789	1370
0.029903856145677202	1371
0.02990042971587745	1372
0.02989145467199371	1373
0.02988219954882474	1374
0.029873747760023966	1375
0.02987127849695683	1376
0.029860136407225422	1377
0.029852418768523514	1378
0.02983618939409423	1379
0.029829298181648083	1380
0.029828753147494075	1381
0.02981912593325494	1382
0.02981174262318132	1383
0.029802029887978525	1384
0.0297841084945658	1385
0.029779268579423222	1386
0.029774730903538812	1387
0.02976755773150416	1388
0.029763679907642508	1389
0.029758441138546525	1390
0.02974405966287593	1391
0.02973604661191156	1392
0.02972782649521687	1393
0.029724429139331786	1394
0.029713542681013103	1395
0.029701792047694364	1396
0.02969386126475002	1397
0.0296913684706709	1398
0.02968773084445664	1399
0.02967819365590891	1400
0.029670958861545985	1401
0.029660909501184277	1402
0.02965413935720698	1403
0.029646865788445605	1404
0.029633962672762304	1405
0.02963138260850189	1406
0.029625481192687	1407
0.029621721683869617	1408
0.02960848927223882	1409
0.029603997441001454	1410
0.029591383332989562	1411
0.029588926900484896	1412
0.02957785384517029	1413
0.029574392983798974	1414
0.02956909817575446	1415
0.029561012562895193	1416
0.029545128386982582	1417
0.029538146493263247	1418
0.029529768782466097	1419
0.029527809952150416	1420
0.02951794961722964	1421
0.029514751392634115	1422
0.02950448899255482	1423
0.029494878003214972	1424
0.02948102496932598	1425
0.0294702123542538	1426
0.029465697803983698	1427
0.029457442142679518	1428
0.029451991979348315	1429
0.029441527925216048	1430
0.02943827962773697	1431
0.029436445797127044	1432
0.029420767886864457	1433
0.029418481189049144	1434
0.029402033309910265	1435
0.029395112297781724	1436
0.029391730157502922	1437
0.029386733980506015	1438
0.0293751649244547	1439
0.02937221451928535	1440
0.029366240206512764	1441
0.029353191817271498	1442
0.02934256941594968	1443
0.029337694963997615	1444
0.02932864944304218	1445
0.02932178942321251	1446
0.029319129672233105	1447
0.029309981494957792	1448
0.02930461702810669	1449
0.029299944838469	1450
0.029291681239786302	1451
0.02928835490458086	1452
0.029279315266539672	1453
0.029274093395177746	1454
0.029271334748577963	1455
0.029259014404861252	1456
0.029244574061044484	1457
0.02923775562332195	1458
0.02923094816275477	1459
0.029219611200158445	1460
0.02921206171513442	1461
0.02920332745788641	1462
0.02920099043155934	1463
0.02919420178961773	1464
0.029182431718983444	1465
0.029177459735563346	1466
0.02917146302846161	1467
0.029155319258288237	1468
0.029152003246377095	1469
0.029148453739367464	1470
0.029138935303264085	1471
0.029129267936539117	1472
0.02912548883276886	1473
0.029122555099703455	1474
0.029116776867741435	1475
0.029106363403634778	1476
0.02910265081174904	1477
0.02909515185599792	1478
0.029083706327310423	1479
0.02907791409925628	1480
0.02907196866278426	1481
0.029067903588302694	1482
0.0290595738688256	1483
0.029049089631253976	1484
0.029037503559367003	1485
0.029028219461394864	1486
0.029021396237265285	1487
0.029010394925070244	1488
0.028999158626939466	1489
0.028993057402613525	1490
0.02898894309335003	1491
0.028981275349745997	1492
0.02897512240318847	1493
0.028967399978655082	1494
0.028959198816010417	1495
0.028956034588906953	1496
0.02894890591352706	1497
0.028937737577816754	1498
0.028926205501544858	1499
0.02892339166015385	1500
0.02891335121175593	1501
0.028902555039064227	1502
0.028895036963631868	1503
0.028886750548478737	1504
0.028883105747123498	1505
0.02887942736033467	1506
0.028871214461010833	1507
0.028857922478552202	1508
0.028850731104090872	1509
0.0288463289612978	1510
0.028841628737338056	1511
0.028827781907579772	1512
0.028825807455544056	1513
0.02881828306861193	1514
0.028807471749112065	1515
0.028805718702783867	1516
0.02879699441147645	1517
0.02878847476792543	1518
0.02877768653274354	1519
0.028770014077698507	1520
0.028762512433474472	1521
0.028761242288402284	1522
0.02874500603644429	1523
0.028734007780651792	1524
0.028729879474869033	1525
0.028725750514584217	1526
0.028710581349641585	1527
0.02870645139723555	1528
0.028706096379532208	1529
0.028697330160218196	1530
0.02869299289748589	1531
0.02867952174460467	1532
0.028673988216695267	1533
0.02866890017439971	1534
0.028649578038892808	1535
0.02864169777793177	1536
0.02863876736843184	1537
0.02863172705673834	1538
0.028620460606371734	1539
0.028618513370674066	1540
0.028611518691322106	1541
0.02860798197401801	1542
0.02859835048976693	1543
0.028596196218145388	1544
0.028580513007759593	1545
0.028574463097211945	1546
0.028567364090850863	1547
0.02855959148208774	1548
0.02854580572605528	1549
0.02853848149020579	1550
0.028536147348624624	1551
0.028532397940021405	1552
0.02852485924857981	1553
0.028513253902926496	1554
0.02851267112431776	1555
0.02850387938491761	1556
0.028502403761709014	1557
0.02849780458448188	1558
0.0284828049572394	1559
0.028480318956140404	1560
0.028469372002153305	1561
0.02846224225982061	1562
0.02845531702219953	1563
0.028445910183212592	1564
0.028439635961512725	1565
0.028424685072406978	1566
0.028416314926278035	1567
0.02840640608783175	1568
0.02839586158447142	1569
0.02838947232409512	1570
0.02838218567721674	1571
0.028373318932508836	1572
0.028367978916180623	1573
0.028363403537688986	1574
0.02835949472743421	1575
0.028349727332546763	1576
0.028338649674425467	1577
0.02833182569192959	1578
0.02831943111579723	1579
0.028313216949917414	1580
0.028308592263748836	1581
0.028301272677924386	1582
0.028297778216586703	1583
0.02828684498166147	1584
0.028277225707503486	1585
0.028271916340178962	1586
0.028266032287195327	1587
0.028257712353451193	1588
0.028251722402384626	1589
0.028244091330658694	1590
0.028237530971711215	1591
0.02822926310608215	1592
0.028218265053105932	1593
0.028210864753943087	1594
0.028203846500308116	1595
0.028191201532208356	1596
0.028190409004548427	1597
0.028185449665887576	1598
0.028176287254782908	1599
0.02817104480421906	1600
0.028167890351764927	1601
0.028153956466818154	1602
0.028148524205434573	1603
0.02813651913432057	1604
0.02813159461977925	1605
0.028124963766110542	1606
0.028119260731970623	1607
0.028105387194376455	1608
0.0280964067592383	1609
0.028090422671305047	1610
0.028087498496030795	1611
0.02808155393554849	1612
0.02806696498342412	1613
0.028063674447704495	1614
0.028050652727032128	1615
0.028042899540818473	1616
0.02803763310708401	1617
0.02803728803955698	1618
0.028028896244152	1619
0.028019762741246262	1620
0.02801210415117781	1621
0.02800297806528197	1622
0.02799339934906614	1623
0.02798789021368623	1624
0.02798300531887257	1625
0.027973411479133493	1626
0.027967185556138228	1627
0.027965380637775455	1628
0.027958085317770873	1629
0.02794918377069522	1630
0.02794617240338241	1631
0.027931372361302085	1632
0.02792827492678726	1633
0.0279207488940183	1634
0.027912118960471643	1635
0.0279036886575293	1636
0.027899483963897614	1637
0.027890393560383264	1638
0.027886433473978393	1639
0.02787923676162523	1640
0.02786648216736951	1641
0.027861699243735175	1642
0.027850190852613303	1643
0.027841697019082928	1644
0.027840904554635983	1645
0.027834972724526435	1646
0.027820768453977636	1647
0.027810791630331972	1648
0.02780422003342488	1649
0.027795188868965266	1650
0.02779166949329418	1651
0.027786742283621775	1652
0.027779361677041953	1653
0.027770860606938813	1654
0.02776543115645082	1655
0.027761881787049317	1656
0.027752712094229547	1657
0.027745157142798037	1658
0.027734608838975855	1659
0.02772934710429188	1660
0.027713507049899846	1661
0.0277051592101793	1662
0.027702903153939806	1663
0.027693702052403988	1664
0.027691351258425097	1665
0.027685148954356205	1666
0.02768101773518618	1667
0.02767411707109204	1668
0.02766084543303055	1669
0.02765480638715701	1670
0.027648000377930228	1671
0.027642523295247908	1672
0.0276329205416671	1673
0.027628618060247877	1674
0.02761589594627321	1675
0.027614712830987074	1676
0.02760981714353712	1677
0.02760140533018661	1678
0.027599583724631147	1679
0.027592967512590952	1680
0.027578032423554822	1681
0.0275700888488112	1682
0.02756678304973815	1683
0.027562650105697837	1684
0.027559995306456198	1685
0.027547453049828377	1686
0.027535301084396578	1687
0.02752041749340211	1688
0.02751478398832119	1689
0.027510801996400554	1690
0.02750334481609225	1691
0.02750241049501085	1692
0.02749603952682461	1693
0.02748644140740211	1694
0.027483227250384993	1695
0.027469834665090294	1696
0.027464146449317824	1697
0.027460553404103652	1698
0.0274519001122631	1699
0.027449123233230326	1700
0.02744472362392552	1701
0.02742825824069089	1702
0.027425079473167233	1703
0.02741526681433128	1704
0.027404926517877782	1705
0.027399024678791697	1706
0.027394548024728762	1707
0.027389009416731294	1708
0.02738289948964556	1709
0.027382289809192457	1710
0.0273709063884631	1711
0.027363611903295407	1712
0.02735396105003141	1713
0.027345261397971363	1714
0.027340771275091876	1715
0.027333420432196772	1716
0.027322827912844874	1717
0.02731313988093482	1718
0.027310631967910344	1719
0.02730313678204795	1720
0.027299578502247773	1721
0.027295863586371337	1722
0.02728872583228743	1723
0.02727625047972895	1724
0.027272062408962596	1725
0.02725686012328138	1726
0.027252603984176633	1727
0.02724879651080386	1728
0.027233704507600813	1729
0.02721930328428401	1730
0.027218148399490577	1731
0.02720928876569255	1732
0.027200261820746318	1733
0.02719496126466749	1734
0.027192773706169394	1735
0.027185288363495794	1736
0.027177751390945633	1737
0.02717172863758218	1738
0.02716649457558884	1739
0.027158687872501103	1740
0.027145347852830015	1741
0.02714181099079934	1742
0.027139087181809962	1743
0.027132192578402027	1744
0.027122780923885752	1745
0.027117299375568258	1746
0.0271083211790007	1747
0.027104775482418922	1748
0.02709963208462475	1749
0.027089856149492476	1750
0.027087160551290457	1751
0.027085091443229896	1752
0.027078386195204585	1753
0.02707275971149523	1754
0.027057906031088017	1755
0.027051390705085623	1756
0.027047953998598488	1757
0.02703994970518104	1758
0.02703337990063108	1759
0.027029623261086433	1760
0.027016344530591332	1761
0.02700802871127117	1762
0.026998774615662125	1763
0.026989450133306638	1764
0.02698477473413168	1765
0.026978278449567697	1766
0.026973088472621837	1767
0.026963233287593813	1768
0.026958222655464142	1769
0.026954054630936714	1770
0.02694697619140485	1771
0.02693418563215563	1772
0.026926848945238398	1773
0.026922973341613383	1774
0.02690919522758119	1775
0.02690339727386251	1776
0.026894557818183687	1777
0.026888465522742412	1778
0.02687887017859994	1779
0.02686844471833577	1780
0.026866453790549326	1781
0.026864369625215864	1782
0.02685267836779928	1783
0.026849590193521747	1784
0.026843541193544703	1785
0.02683192286292234	1786
0.026824300652713937	1787
0.026818707375764472	1788
0.02681566860024339	1789
0.026803819133885163	1790
0.026793686398028146	1791
0.026788153536363116	1792
0.026778021055029445	1793
0.02677035628537429	1794
0.026762030443470232	1795
0.026756749622960947	1796
0.026753574880005696	1797
0.026745953095205614	1798
0.026739714732758876	1799
0.02673442064248015	1800
0.026729720424292915	1801
0.026719614078172322	1802
0.02671117815354721	1803
0.026702183182342642	1804
0.026698448384048033	1805
0.02669074576336438	1806
0.02668957622574678	1807
0.0266860370754526	1808
0.026669354795081816	1809
0.026662656436914123	1810
0.02666012939129902	1811
0.02664535069021802	1812
0.026636358959608104	1813
0.026634151162552754	1814
0.02662695094563421	1815
0.026622260559118947	1816
0.026615105423750132	1817
0.026609699575810667	1818
0.026606339938743333	1819
0.026598449813722964	1820
0.02659147632200838	1821
0.026580996795613435	1822
0.02657773888438524	1823
0.026562913758255105	1824
0.026557823736238818	1825
0.026553471393548495	1826
0.026549392544521357	1827
0.02653573017333961	1828
0.026532816599231773	1829
0.026520446363507175	1830
0.026515706043254685	1831
0.026512025165033298	1832
0.026508908901042634	1833
0.02650048873604275	1834
0.026490320878985615	1835
0.026476629861193035	1836
0.026473831133474297	1837
0.02645096059884111	1838
0.02644946686224766	1839
0.0264461224975683	1840
0.026439341460616276	1841
0.026429440498591777	1842
0.026428065107871566	1843
0.026420232045650204	1844
0.026413924371632688	1845
0.026406573946219033	1846
0.026399427860570906	1847
0.026388489906457646	1848
0.026377868468513508	1849
0.02637250000005393	1850
0.026365118252700485	1851
0.026361067192628918	1852
0.026355703621313443	1853
0.026341124010660046	1854
0.026336552727424672	1855
0.026333846381667664	1856
0.02633054333269575	1857
0.026322709836762322	1858
0.026316451404348	1859
0.0263024828499415	1860
0.02629940941990997	1861
0.02629321411190671	1862
0.026288566413060453	1863
0.02628257176274096	1864
0.026272530031415765	1865
0.026262641616840932	1866
0.026258037265901875	1867
0.02625007866475702	1868
0.02624457893132738	1869
0.026237182279764345	1870
0.02622808572452175	1871
0.026222103944867327	1872
0.026214570899874105	1873
0.02620914506335273	1874
0.02619784428134304	1875
0.02619173378321413	1876
0.02619046801745588	1877
0.026177808765308893	1878
0.02616906698869208	1879
0.026162982258479395	1880
0.02615995682991587	1881
0.026153106357828703	1882
0.026147477451144503	1883
0.026137914880776228	1884
0.026131921465928354	1885
0.02612488117117677	1886
0.026119616952689745	1887
0.02611044829185374	1888
0.02610513089576171	1889
0.026099396658395616	1890
0.02609393176881512	1891
0.026076132614681023	1892
0.02607159334192725	1893
0.026061041838764964	1894
0.026055772701706288	1895
0.026049881940703346	1896
0.02604367199424297	1897
0.026041176540808203	1898
0.026036740859977647	1899
0.026026589483916535	1900
0.026024079505026092	1901
0.026015884885164656	1902
0.026008713148425306	1903
0.026002400078195882	1904
0.025988401088512234	1905
0.025987742669917897	1906
0.025980008712925478	1907
0.025966020183868756	1908
0.025963383612161182	1909
0.02595737659821208	1910
0.025951050611131385	1911
0.025941634201658487	1912
0.025935533729366095	1913
0.025932397431707027	1914
0.025916789686125992	1915
0.02591423212503632	1916
0.025909080380032097	1917
0.02589804989954153	1918
0.025895078604981192	1919
0.025883910144699675	1920
0.025881712345597434	1921
0.025877504484101012	1922
0.025866146603544388	1923
0.025858765723474137	1924
0.02585443541190798	1925
0.025842991105813465	1926
0.025837084581796156	1927
0.025823511848595222	1928
0.025816516750178146	1929
0.025815122898265916	1930
0.02580648165225096	1931
0.025801612791536917	1932
0.025791968987220533	1933
0.02578114264597335	1934
0.025775844373699567	1935
0.025770158128189457	1936
0.02576710980705859	1937
0.025760241575979496	1938
0.0257580716739881	1939
0.02575011258241969	1940
0.02574367446836469	1941
0.02573820261351908	1942
0.025728389596705026	1943
0.02571163662520349	1944
0.02570548046295242	1945
0.02570033600165758	1946
0.025694699074524395	1947
0.02569415572374308	1948
0.025688954976319792	1949
0.025684466222872477	1950
0.025668823562500987	1951
0.025662246633876548	1952
0.025655621216334218	1953
0.025651448483391646	1954
0.02564619528604096	1955
0.025643132693617902	1956
0.025633555889099654	1957
0.025626248336172313	1958
0.025615114648574425	1959
0.02561163669377174	1960
0.02560850093652977	1961
0.025595686460065187	1962
0.02558790653615583	1963
0.02557882643214373	1964
0.025572458484459933	1965
0.025564127106299298	1966
0.025551647168623126	1967
0.025546206313655614	1968
0.02554486658285216	1969
0.02553869716518724	1970
0.02553807041614692	1971
0.025513962844870376	1972
0.025512802354916052	1973
0.025509452280128547	1974
0.025500788431020743	1975
0.025492923955485337	1976
0.025489632288017455	1977
0.025485693188640995	1978
0.025473522028969763	1979
0.025470938254020185	1980
0.02545759843407677	1981
0.025441443704151273	1982
0.025438916834253786	1983
0.02543085441605554	1984
0.02542362806714339	1985
0.02542091809289843	1986
0.025412114100205684	1987
0.025406068275103704	1988
0.025402813977053858	1989
0.025393209577313	1990
0.025389578986796127	1991
0.02538649313034664	1992
0.025380404027897704	1993
0.025365032898104024	1994
0.02535732322038441	1995
0.025350702828847434	1996
0.02534358833047176	1997
0.0253403311659501	1998
0.025332463447681596	1999
0.02533064045882548	2000
0.025314195243186143	2001
0.025305827894261394	2002
0.02530286996386616	2003
0.02529201230473796	2004
0.025289303908440794	2005
0.025276013760422548	2006
0.025271414351792722	2007
0.025267024889490532	2008
0.02525993461406303	2009
0.025251577448161294	2010
0.025247339670025334	2011
0.02523929691892046	2012
0.025237142413975327	2013
0.025223829374258152	2014
0.025218174170782606	2015
0.02521292655534299	2016
0.02520382953807555	2017
0.025200349019772507	2018
0.02519726007965166	2019
0.025193638125664053	2020
0.0251864238277666	2021
0.025181096294361757	2022
0.025172157096683738	2023
0.0251611889163301	2024
0.0251591956611593	2025
0.025150322345645133	2026
0.025140369988102176	2027
0.025139009671905892	2028
0.025135751870217042	2029
0.025121635000274836	2030
0.025117069020607497	2031
0.025111299869162863	2032
0.025110255512036977	2033
0.025100754822080157	2034
0.025097043183991006	2035
0.025085033672462495	2036
0.025082824615392785	2037
0.025065999741467383	2038
0.025059909037211756	2039
0.02505190115270295	2040
0.025045342810970213	2041
0.02504055267165907	2042
0.025035224380098652	2043
0.025031673067131374	2044
0.02502587018962275	2045
0.02501379741416885	2046
0.02500618443436268	2047
0.024999836726627537	2048
0.02499499561488285	2049
0.024986106291007705	2050
0.02498255284768188	2051
0.024969919659622822	2052
0.024966659701772063	2053
0.024957677453381386	2054
0.0249510294966012	2055
0.024945909641523094	2056
0.02493991042559811	2057
0.024934771327463263	2058
0.024925847101661257	2059
0.02492092408606218	2060
0.02491354047504301	2061
0.024906048354182763	2062
0.024897522774821337	2063
0.024889521938843716	2064
0.02488292155854474	2065
0.02487983777167934	2066
0.02487587556217966	2067
0.024863757815448362	2068
0.02485840518368657	2069
0.024844045374766765	2070
0.02483910346916605	2071
0.02482693720429357	2072
0.02482557527639469	2073
0.02480876704649286	2074
0.024808613531756046	2075
0.02480305053001623	2076
0.024794899544533473	2077
0.02479178532097517	2078
0.024788017618601728	2079
0.024782419082846747	2080
0.024777036600703677	2081
0.024762880929213305	2082
0.024755863483198807	2083
0.024752162983937506	2084
0.024747428379663632	2085
0.02473467169905482	2086
0.024730732190043236	2087
0.02472095287177004	2088
0.02471902428282565	2089
0.024708510533785314	2090
0.024705113131849334	2091
0.024698262696741573	2092
0.02469049204913104	2093
0.024687846305453863	2094
0.02468230786335601	2095
0.024677970633999912	2096
0.024665275432754354	2097
0.024659007011127613	2098
0.024651203103365556	2099
0.024643314604912734	2100
0.024642561756578415	2101
0.02463600107512915	2102
0.024630529621082708	2103
0.024626268921952608	2104
0.024611641874854494	2105
0.024610453493857518	2106
0.02459698978426018	2107
0.024590782773372066	2108
0.0245849923740107	2109
0.024580461196654857	2110
0.02457000598809071	2111
0.024562187452936535	2112
0.024560492154309582	2113
0.024553522671244537	2114
0.02454112659983059	2115
0.024537910641746354	2116
0.024529232695356402	2117
0.024527242647287426	2118
0.024516103033854507	2119
0.024510267562108033	2120
0.024503340600362616	2121
0.024492672336975392	2122
0.024482571992563554	2123
0.024478110495331412	2124
0.02446526076736617	2125
0.02445956774797178	2126
0.024452669138333254	2127
0.02444899735468573	2128
0.02444239533629663	2129
0.024436453518084322	2130
0.02442716260459089	2131
0.02441700620808552	2132
0.024410135303051386	2133
0.02440777681066862	2134
0.024401328502943232	2135
0.024394384228089643	2136
0.024387636861164463	2137
0.024381088371741147	2138
0.02437689025403136	2139
0.02437215028125229	2140
0.02436534152445695	2141
0.024355537564146053	2142
0.024346042395884386	2143
0.024340902125499206	2144
0.024334919576920588	2145
0.024330325824582857	2146
0.02432417000816601	2147
0.02431936480030493	2148
0.024311167421631284	2149
0.024303122994218527	2150
0.024301576085673484	2151
0.02429475779873382	2152
0.024289198864158364	2153
0.024282572620558104	2154
0.024277005440104617	2155
0.024267768947014802	2156
0.024256416363703126	2157
0.02425017378540094	2158
0.02424678878870573	2159
0.024234239363131092	2160
0.024228551416651773	2161
0.024224309384429987	2162
0.024218230963239384	2163
0.0242154229021031	2164
0.024208088134952524	2165
0.02420120184690981	2166
0.024196444693017176	2167
0.02418732548230295	2168
0.02418070787402407	2169
0.024178246353611273	2170
0.024161056653981095	2171
0.024159819538768716	2172
0.02414650450263693	2173
0.02414441288977827	2174
0.024133071145810998	2175
0.02412935581857096	2176
0.024125142469054946	2177
0.024118628650232576	2178
0.024105895442121182	2179
0.02410357046087451	2180
0.024093077269171023	2181
0.02408974617230154	2182
0.02407709153055121	2183
0.024073674998296067	2184
0.02406610308969976	2185
0.024060930473532423	2186
0.02405728599600152	2187
0.024044214981850432	2188
0.024037359186774354	2189
0.024034511185996362	2190
0.024027426602658303	2191
0.02402239394491624	2192
0.024019188559938936	2193
0.02401134414301556	2194
0.02400836851518548	2195
0.023995850028781688	2196
0.02399200363313477	2197
0.023986270693581675	2198
0.023978868446449628	2199
0.023971764236070576	2200
0.023962753707318846	2201
0.023958513176383343	2202
0.02395404202236548	2203
0.023945878764884118	2204
0.023939547840070165	2205
0.023936217494964194	2206
0.02392833946433212	2207
0.02391077946505024	2208
0.02390739981116316	2209
0.023903844893705676	2210
0.023900029428655302	2211
0.023892744180479715	2212
0.023887526429351408	2213
0.02387269431120819	2214
0.023867466606542046	2215
0.02386560580487302	2216
0.023852656293152842	2217
0.023843810676838443	2218
0.023832511762558944	2219
0.023823920568731803	2220
0.023823167347147824	2221
0.02382079807937758	2222
0.02381350972411234	2223
0.023808562474035254	2224
0.023795391614315993	2225
0.02379005022900285	2226
0.02377658093932516	2227
0.023767329256071865	2228
0.023763394938271447	2229
0.02376080530737231	2230
0.023752303744104045	2231
0.023746597643479996	2232
0.023736516680080005	2233
0.02373211247994538	2234
0.023729557045600244	2235
0.023720931165433213	2236
0.023718651278417754	2237
0.023710839039777682	2238
0.02370319874115856	2239
0.023697533827071484	2240
0.023692964168321676	2241
0.023680036117754044	2242
0.023677077148378172	2243
0.02367087067774856	2244
0.02366445636669578	2245
0.02365998850240901	2246
0.023655617495820347	2247
0.023644758837281902	2248
0.023634904119915666	2249
0.023627245261437033	2250
0.02362012556154437	2251
0.023614752805511216	2252
0.023612274728913894	2253
0.023604841158016303	2254
0.02359898987507622	2255
0.023593867252073252	2256
0.023587417574183114	2257
0.023578552230351425	2258
0.02357807351242468	2259
0.023568457099042928	2260
0.02355580123034966	2261
0.023554453551208138	2262
0.023544387817006487	2263
0.023540650091815	2264
0.023531131568874344	2265
0.023525875111551606	2266
0.02351791614760381	2267
0.02351188918718707	2268
0.023502200763933164	2269
0.02349307260178965	2270
0.023489994068832846	2271
0.023486819354627812	2272
0.023483238884203166	2273
0.02347715477323905	2274
0.02347252320315084	2275
0.023463993657747165	2276
0.023459294088156404	2277
0.02345394262960102	2278
0.023437340639006217	2279
0.02343100850179819	2280
0.023421787403114198	2281
0.023413324176280677	2282
0.02340893909744956	2283
0.0234017064533404	2284
0.02339412403136204	2285
0.023385034401846236	2286
0.023382074892092406	2287
0.023371807732816795	2288
0.023364473298387527	2289
0.023356543479344575	2290
0.023353945967277426	2291
0.023349148428441043	2292
0.02334539723056028	2293
0.023336152699620145	2294
0.023327118837297132	2295
0.023324684620541988	2296
0.023309725252554345	2297
0.0233051766649503	2298
0.023296847263785267	2299
0.023294096572954243	2300
0.02328782758459965	2301
0.023284385954974597	2302
0.02328322499465962	2303
0.0232723730344494	2304
0.023259948967131135	2305
0.023255540949075015	2306
0.023243540023069952	2307
0.0232415232751559	2308
0.023232107604128863	2309
0.023225430451100797	2310
0.023221410463679214	2311
0.02321408946696281	2312
0.023206276937906892	2313
0.023202844157728428	2314
0.023199728371644454	2315
0.023186951543162217	2316
0.023182219215263408	2317
0.023172920665016538	2318
0.02316410373241048	2319
0.023157280311617654	2320
0.023152699762502896	2321
0.02314365808701768	2322
0.02313296767848715	2323
0.023128201361952146	2324
0.02312119623310309	2325
0.023118152477014254	2326
0.023109929990443652	2327
0.023106493179427187	2328
0.023097608259341696	2329
0.02309132888438874	2330
0.023082548171204025	2331
0.0230760641595576	2332
0.023067317947428577	2333
0.023060662066181816	2334
0.023057574026393485	2335
0.023049153084684592	2336
0.023044182051705515	2337
0.023036373536856454	2338
0.023032220748634542	2339
0.02302223968103416	2340
0.02301801236809665	2341
0.023015003818441963	2342
0.023004851492691374	2343
0.022994654731210398	2344
0.022983277733620633	2345
0.022979370624699555	2346
0.02297792380917574	2347
0.022967350745925093	2348
0.022966489487920443	2349
0.02296077019184477	2350
0.022954264456175297	2351
0.022945790712117813	2352
0.02293802241127375	2353
0.0229308961598546	2354
0.022925940556123205	2355
0.02291472351896301	2356
0.02289924897367008	2357
0.022891636743987292	2358
0.022884160573003593	2359
0.02288372252886728	2360
0.022873277465326	2361
0.022872523780175485	2362
0.022862208734241465	2363
0.022861751904065017	2364
0.022857270573123686	2365
0.022845925662303916	2366
0.02284079496578097	2367
0.022835385968841177	2368
0.02282539068960046	2369
0.022817617052121684	2370
0.022815142078340504	2371
0.022811758024423187	2372
0.02280154623172205	2373
0.022795117065629006	2374
0.02279193591940793	2375
0.02277890421727877	2376
0.022776973607971405	2377
0.022774787957372592	2378
0.02276455540709262	2379
0.022758212778393527	2380
0.022751575179868196	2381
0.02274703650281292	2382
0.02273199835737659	2383
0.022725442066405338	2384
0.022724391520994036	2385
0.02271083333370211	2386
0.022707519389967408	2387
0.022705138976835747	2388
0.02269512846088443	2389
0.022692009121857676	2390
0.022684596288039066	2391
0.022680545117230767	2392
0.02266996556759392	2393
0.022655706397359424	2394
0.022651055427973042	2395
0.022648191138258403	2396
0.022647003318748304	2397
0.022643270094304387	2398
0.022635092585532497	2399
0.022627729259731794	2400
0.02262252865917389	2401
0.022619517815073525	2402
0.022606335518971513	2403
0.02260085956328354	2404
0.02259092070434463	2405
0.022582916587318945	2406
0.022574824633017406	2407
0.022572647828209603	2408
0.02255834476735108	2409
0.02255589659501094	2410
0.022549466092327424	2411
0.02254903340968732	2412
0.02253450408753709	2413
0.022528195223243116	2414
0.022525371836367714	2415
0.022517402766829925	2416
0.022514264637046158	2417
0.022505402362596096	2418
0.022497952423294235	2419
0.022481765001346726	2420
0.022479605310746005	2421
0.022471302979692846	2422
0.022464621744276055	2423
0.022461967010191992	2424
0.022453792759642863	2425
0.02244747341597494	2426
0.022437539154833378	2427
0.022426638626694778	2428
0.02242415949707064	2429
0.022414298856375546	2430
0.022411025607621295	2431
0.022403844744913776	2432
0.022396829089380406	2433
0.022389706104935795	2434
0.022383210275318914	2435
0.022379385318116944	2436
0.022365767051591042	2437
0.022351671219776367	2438
0.022350427485190144	2439
0.022345360690336102	2440
0.02234223810469486	2441
0.022334039754118833	2442
0.022330303978474658	2443
0.022319156188200674	2444
0.022311851597322453	2445
0.022310892962128317	2446
0.02230522925591528	2447
0.02228983057913402	2448
0.02228661265270029	2449
0.02228519937250649	2450
0.022280356983273335	2451
0.022273722736353013	2452
0.022261050863129194	2453
0.022255832393119918	2454
0.022252421999053123	2455
0.02224906149215811	2456
0.02223342457327942	2457
0.022228828639588565	2458
0.022228464378363413	2459
0.0222174890070111	2460
0.022212143851520223	2461
0.022202745884091452	2462
0.02219204787252707	2463
0.022183836980296908	2464
0.022178549470616028	2465
0.02217621879228413	2466
0.022160595743205027	2467
0.022155450917878034	2468
0.0221533230544703	2469
0.02214681653754071	2470
0.022141233688551056	2471
0.022132654214358467	2472
0.022125434549856743	2473
0.02211337653667124	2474
0.022112215529641176	2475
0.02211127874409204	2476
0.022099225268901873	2477
0.022095605631153543	2478
0.022089143684724047	2479
0.02208586679009737	2480
0.02207784691685681	2481
0.02206994252279683	2482
0.022060199042489452	2483
0.022058674165475172	2484
0.022055267431046667	2485
0.022049475255563368	2486
0.022034565239620163	2487
0.022031071571389466	2488
0.02201187132953246	2489
0.021997686699277135	2490
0.021995144112809704	2491
0.021989904119988905	2492
0.02198477837524474	2493
0.021978565434965423	2494
0.021974937951635572	2495
0.02196525253479948	2496
0.02195877630126712	2497
0.02195227120868753	2498
0.021950714712365316	2499
0.021937329135268257	2500
0.021934098288884114	2501
0.0219284248374876	2502
0.021921868739985785	2503
0.021917633091818548	2504
0.021908327959250084	2505
0.02190272463246828	2506
0.021896293393287164	2507
0.021891857100420763	2508
0.021883792468007444	2509
0.021880615937532308	2510
0.021868049006099153	2511
0.021864855338206396	2512
0.02185403846660035	2513
0.021852694678533593	2514
0.021847348627900078	2515
0.021843294898070402	2516
0.02183296041595421	2517
0.02182388396466839	2518
0.021821745558759743	2519
0.021812053898689465	2520
0.021807257402646912	2521
0.021794305501044785	2522
0.021788550377891847	2523
0.021778832923784953	2524
0.02176974657606138	2525
0.02176447174440342	2526
0.021758790254775687	2527
0.02175478712406595	2528
0.021753219882023268	2529
0.02174361764183035	2530
0.021736624319075044	2531
0.02172565400559665	2532
0.021724034675332207	2533
0.02171556159186587	2534
0.021713089398436115	2535
0.021699374165059158	2536
0.021686987964755006	2537
0.021685972142703784	2538
0.021677868082827904	2539
0.021669038837226852	2540
0.02165945879894953	2541
0.021659060597748473	2542
0.021647052327911837	2543
0.02164425452189082	2544
0.02164297780162142	2545
0.021640237226273555	2546
0.02162851621500853	2547
0.021620925569521835	2548
0.021618955737185037	2549
0.021606033101808055	2550
0.021601552182514108	2551
0.021590809053989798	2552
0.02158810153994623	2553
0.021583597928233472	2554
0.021572645960413833	2555
0.021568037079418283	2556
0.02156467322964184	2557
0.021558491630485316	2558
0.021554329920219266	2559
0.021541533158364594	2560
0.021536654413649256	2561
0.021523886857620928	2562
0.021518921547371873	2563
0.021512446510416006	2564
0.021501981535623566	2565
0.021500514488584657	2566
0.021495934876648592	2567
0.021488535767469952	2568
0.021478711877116332	2569
0.021478559561742327	2570
0.02147349354111525	2571
0.02146752358244795	2572
0.021452783287860898	2573
0.02144653529587284	2574
0.02143804156907765	2575
0.021434440137911206	2576
0.02143173673735466	2577
0.021420139199402704	2578
0.021413429487480803	2579
0.021401270281293433	2580
0.021397003274867682	2581
0.021395750017850556	2582
0.02138884098393752	2583
0.021373704356226486	2584
0.02136565764995183	2585
0.021363661189222984	2586
0.02136161865462224	2587
0.021352968187167632	2588
0.02134895849569963	2589
0.021336750035592426	2590
0.02132719609528011	2591
0.02131908651488306	2592
0.021314174806511807	2593
0.02131037060523486	2594
0.021297571578703815	2595
0.021293783514833645	2596
0.02129129533306657	2597
0.021280986487357875	2598
0.021279294468007238	2599
0.021272915841361907	2600
0.021264751028563567	2601
0.021258595470911166	2602
0.021249269356091276	2603
0.021244318600723157	2604
0.0212375989984492	2605
0.021223101454053716	2606
0.021213840510716946	2607
0.021212068328471344	2608
0.021210523641643254	2609
0.021196717799682248	2610
0.02119089636504382	2611
0.021185042067483548	2612
0.021181609301238313	2613
0.021178035913022912	2614
0.021162307293690775	2615
0.02115280762655365	2616
0.021149389210848836	2617
0.021143351272127728	2618
0.021134854496718303	2619
0.021131782807485077	2620
0.0211243673008619	2621
0.021119284009819127	2622
0.0211136181607438	2623
0.02110624787793422	2624
0.021097230912872567	2625
0.021085944562357444	2626
0.02108078106697884	2627
0.021073331315201595	2628
0.021063694146414645	2629
0.02105997418625063	2630
0.021047668098576038	2631
0.021044914754990915	2632
0.02103714237671056	2633
0.021026942073359093	2634
0.02102324955701318	2635
0.021017096426423198	2636
0.021002704489494945	2637
0.021001233365334365	2638
0.020998230704374964	2639
0.020994049910693584	2640
0.020984826254794826	2641
0.02097808078218994	2642
0.020974800759975303	2643
0.020968194519614375	2644
0.020958436824405523	2645
0.020948365438450734	2646
0.02093900504093531	2647
0.020932032394592667	2648
0.020931370968186324	2649
0.020927805721373996	2650
0.02091208776405989	2651
0.020908165501807987	2652
0.0208983723738523	2653
0.020893040344751056	2654
0.02088201330438351	2655
0.02087788093276607	2656
0.020871582955632045	2657
0.020860708648559025	2658
0.02085376945389123	2659
0.020846131480433388	2660
0.02083727349138443	2661
0.020836738804674165	2662
0.02082238161158624	2663
0.020810926323961726	2664
0.020803128426085175	2665
0.02080064574269811	2666
0.020792003364485244	2667
0.020790659623407856	2668
0.020781812393267148	2669
0.02077597907791385	2670
0.020772680727150057	2671
0.0207694065396979	2672
0.020756856409443424	2673
0.02075289030690895	2674
0.020745921368181968	2675
0.020739058881825416	2676
0.020733549171869318	2677
0.02072602858712702	2678
0.020716817534099798	2679
0.02070917213671414	2680
0.02070247452086712	2681
0.020700880452911498	2682
0.020685785876881444	2683
0.020682794610123102	2684
0.020672028901327393	2685
0.020671777572058094	2686
0.020662040898173313	2687
0.020659276468089016	2688
0.020655224846536736	2689
0.02064822718932741	2690
0.020634582055680525	2691
0.02062828336949945	2692
0.020622432345849078	2693
0.020617448390353628	2694
0.020611130824087977	2695
0.020608013239852774	2696
0.020598237305807583	2697
0.02059274016225529	2698
0.020589333459210393	2699
0.020580419298883556	2700
0.020572995691211765	2701
0.020563197861803443	2702
0.020551362711151582	2703
0.02054193770555359	2704
0.020540155631237823	2705
0.02052935619230149	2706
0.020521182272701912	2707
0.02051210832383711	2708
0.020509460442077916	2709
0.020502754877513386	2710
0.02049967084535513	2711
0.020487519911030466	2712
0.02048645193949021	2713
0.02047818638806434	2714
0.02047261191260456	2715
0.020464306033034882	2716
0.02044956341741268	2717
0.02044887197622692	2718
0.020442372555051214	2719
0.020432106837539536	2720
0.020427948526839716	2721
0.02042205229853322	2722
0.02040713505589082	2723
0.020399114403578326	2724
0.020396250250939843	2725
0.020390810816259663	2726
0.02037544381293739	2727
0.02037097768895525	2728
0.020364921188700834	2729
0.020356889056054903	2730
0.020354307786451222	2731
0.02034514858912916	2732
0.020340260321124116	2733
0.02033358227448179	2734
0.020323555252297534	2735
0.02031909479332918	2736
0.020311377429008844	2737
0.02029989788481992	2738
0.02029648461010703	2739
0.020289715639611964	2740
0.020277476338828954	2741
0.020274902869235313	2742
0.020262657902790977	2743
0.02025412059553383	2744
0.020250307977215283	2745
0.020239402317927504	2746
0.020237521763088677	2747
0.020231121989325074	2748
0.020219269734079726	2749
0.020216661937830772	2750
0.020214069131915428	2751
0.020202561481842594	2752
0.020196835656324498	2753
0.020184886447459773	2754
0.02018118969567682	2755
0.02017202688151184	2756
0.020167146540528254	2757
0.02015352903302641	2758
0.020146090369722952	2759
0.020141057030731387	2760
0.02013189688349875	2761
0.020128788038811834	2762
0.02012103732124168	2763
0.02011514017431094	2764
0.020103004650455683	2765
0.0200945678968088	2766
0.02009170394402898	2767
0.02008568497040104	2768
0.020080111263238738	2769
0.0200745818720302	2770
0.02006475181697937	2771
0.020060529361625275	2772
0.020048490310532883	2773
0.020041268013493065	2774
0.02002392412359683	2775
0.020021730093530976	2776
0.02001779741730449	2777
0.02000460044596858	2778
0.020001084971256917	2779
0.019998786309768445	2780
0.019992943716546075	2781
0.019986915909737134	2782
0.019979277189617697	2783
0.01996887473996329	2784
0.01996013810654904	2785
0.019953262493551477	2786
0.019946302773351385	2787
0.01993962348694978	2788
0.01993487906482768	2789
0.01993060737534951	2790
0.019924840430413194	2791
0.019918492855612063	2792
0.01990530688423161	2793
0.01990028742759044	2794
0.019880803899555002	2795
0.019880141830158186	2796
0.019872312101241518	2797
0.01986851941261634	2798
0.019856768150941263	2799
0.01984993956976628	2800
0.019843313008975894	2801
0.01983808263231316	2802
0.01982869204134751	2803
0.01982349931666512	2804
0.01981418736113293	2805
0.01980558099522899	2806
0.01980181835224998	2807
0.01979677576285272	2808
0.01979036365286575	2809
0.019780394101759427	2810
0.019775861769316384	2811
0.01976592050277768	2812
0.019760311354711565	2813
0.019758075480488566	2814
0.019747743099269972	2815
0.019746799658424713	2816
0.019738165989024333	2817
0.01972583389610332	2818
0.019718817562230616	2819
0.019713823178377065	2820
0.019700399769969026	2821
0.019690428058085175	2822
0.019688764708074884	2823
0.01967426868030696	2824
0.01966989345560093	2825
0.019661806688945793	2826
0.019651289705282456	2827
0.01965066011355256	2828
0.019637180647583123	2829
0.019633336626296172	2830
0.019628038778257924	2831
0.01961642300820548	2832
0.019604233483323366	2833
0.01960196297627061	2834
0.019599405139205665	2835
0.019588144290511422	2836
0.019585519823905804	2837
0.019577460301790407	2838
0.0195680703324196	2839
0.01956612305381196	2840
0.019558420882846865	2841
0.019547809734417394	2842
0.01954245743270234	2843
0.01953149023850964	2844
0.019520802640790244	2845
0.01951495120146508	2846
0.01951113938362467	2847
0.019507527687316884	2848
0.019496663934881506	2849
0.01948559018223471	2850
0.019478737496860667	2851
0.019472856566610776	2852
0.019465946908358425	2853
0.019463483778547428	2854
0.019460038018502872	2855
0.019447210374792655	2856
0.019439197540711963	2857
0.019435714536019298	2858
0.01942241024814631	2859
0.019413945105014915	2860
0.019409153767974353	2861
0.019404070258876357	2862
0.019399728927522036	2863
0.019383288697214094	2864
0.019376108453193697	2865
0.019367325432240325	2866
0.019362359587497095	2867
0.019351709792909327	2868
0.01934278810723404	2869
0.019340104158459694	2870
0.01933594444958056	2871
0.019317810059735388	2872
0.01931645274856916	2873
0.01930493085520687	2874
0.019300413386512023	2875
0.019287296444725568	2876
0.019284166407227684	2877
0.019279912149225403	2878
0.01926770077526012	2879
0.01926511926409532	2880
0.019259481728052176	2881
0.019250434692959915	2882
0.0192430836137211	2883
0.019234870475420936	2884
0.019227550708909063	2885
0.019217648539618104	2886
0.019208600925015876	2887
0.019199410539218958	2888
0.019192599583889924	2889
0.019185925220706872	2890
0.019178467905942236	2891
0.01917102335994784	2892
0.019162923948083693	2893
0.019157245271754445	2894
0.019145314396290553	2895
0.019136924369406998	2896
0.01913168397566881	2897
0.019127019693283936	2898
0.019114518658061866	2899
0.019111029493894077	2900
0.01909569943009604	2901
0.019093959780645847	2902
0.01908541712070194	2903
0.019073458035872265	2904
0.019071251286011164	2905
0.01906863221366223	2906
0.01906489959131755	2907
0.019045821734982815	2908
0.019027603467337766	2909
0.01902695583869694	2910
0.01902534304825799	2911
0.01901293039453518	2912
0.019008935658070904	2913
0.01900084215927855	2914
0.01899633873578767	2915
0.018985630728155865	2916
0.0189753092127955	2917
0.018968384017336557	2918
0.01895958633495338	2919
0.018950451318723097	2920
0.01894082073542014	2921
0.018935683922492477	2922
0.018928531790416824	2923
0.018919429755188757	2924
0.018917845631991635	2925
0.018899255540125316	2926
0.018890589997699065	2927
0.018883547919152734	2928
0.01887766180815766	2929
0.018868370746235822	2930
0.018866080985359867	2931
0.01885710294168353	2932
0.01885460290527615	2933
0.01883328871323435	2934
0.0188290338166645	2935
0.018825983677089004	2936
0.018817978055851073	2937
0.018808524243929543	2938
0.018799828978049382	2939
0.018796905184200685	2940
0.018785463952699807	2941
0.018775591693127487	2942
0.01876699078091613	2943
0.018761107993234178	2944
0.01875699714391725	2945
0.018747989716691227	2946
0.0187447113809167	2947
0.018736538916499332	2948
0.01872228096629098	2949
0.018720845902550857	2950
0.018710288926490872	2951
0.018708119486991904	2952
0.01869267608735012	2953
0.01868655066770208	2954
0.01867084730561008	2955
0.018665151129832545	2956
0.01865586978142767	2957
0.018652818781095388	2958
0.018641049971911988	2959
0.01863553928700881	2960
0.018618102218587784	2961
0.018613561603544045	2962
0.018612422327214544	2963
0.018603236729250024	2964
0.01859243005948892	2965
0.018579803789222485	2966
0.01856944113345433	2967
0.01856498002988865	2968
0.018563351126442338	2969
0.018544290125689707	2970
0.01854002874787575	2971
0.01852670013520781	2972
0.018519697358573648	2973
0.01851086843205604	2974
0.01850668897538898	2975
0.018502095845441685	2976
0.018494463298235893	2977
0.01848345345879027	2978
0.018481666664117873	2979
0.01847154692886048	2980
0.018467182894973695	2981
0.018459697940445136	2982
0.018451825321927597	2983
0.018439137329847616	2984
0.01843347100379747	2985
0.01842441567723291	2986
0.01841178549683765	2987
0.01840910596078371	2988
0.018391555818793284	2989
0.018389951019694567	2990
0.01837874064693332	2991
0.018369320316490474	2992
0.01836417262147621	2993
0.01835771553593423	2994
0.018354552628555003	2995
0.018338538395678006	2996
0.01833266816968883	2997
0.018327348567387	2998
0.018323383040878324	2999
0.01831178557031706	3000
0.01830490097246235	3001
0.01829156090764995	3002
0.01828835876693978	3003
0.018276753677788707	3004
0.018272588721752237	3005
0.018260959987658712	3006
0.018252288066235304	3007
0.01824489578581687	3008
0.01823873070450343	3009
0.01823219401350737	3010
0.018221165523705115	3011
0.0182076465198619	3012
0.01819503161312728	3013
0.018193048742267147	3014
0.018187115037840065	3015
0.01816963432224421	3016
0.018157833040633686	3017
0.018152785304027842	3018
0.018149805834770615	3019
0.018143419487264167	3020
0.018129118286694095	3021
0.018114242555289647	3022
0.018110626577319006	3023
0.018103406556461345	3024
0.01809721838139237	3025
0.018081579348358467	3026
0.01807901876721305	3027
0.018070287474747614	3028
0.0180543838705739	3029
0.018052427600666693	3030
0.01804760325557758	3031
0.018035038255253526	3032
0.01803157744429429	3033
0.018025120328136215	3034
0.018010957623889205	3035
0.01800208923457123	3036
0.017982939417409038	3037
0.017979601026138523	3038
0.01796920307353506	3039
0.01796286420817841	3040
0.01795961496747399	3041
0.017949306482524515	3042
0.017940944574293866	3043
0.017936210456080768	3044
0.017924537879066203	3045
0.017921305692201784	3046
0.017910550809673735	3047
0.01789913483191723	3048
0.017880783539359804	3049
0.0178758811767045	3050
0.0178629659778098	3051
0.017861592904396227	3052
0.017848810531727398	3053
0.017843806134317644	3054
0.017836899024573298	3055
0.01783270353862922	3056
0.01781839582723361	3057
0.017807814343154652	3058
0.017800687605008716	3059
0.01779540515775462	3060
0.017772078034363228	3061
0.017763804703315317	3062
0.017755820762962067	3063
0.017749476679951835	3064
0.017736809851617106	3065
0.017733004798846683	3066
0.017724171827291444	3067
0.017713517524975478	3068
0.017709520083321533	3069
0.01770332452513781	3070
0.017693265164369507	3071
0.017680469526512296	3072
0.01766713509183028	3073
0.01765247028206624	3074
0.017651337667426464	3075
0.017647097265316304	3076
0.01762883172741462	3077
0.017620747329585695	3078
0.017617257882304106	3079
0.01759905301423595	3080
0.01758639742277953	3081
0.017583740156140115	3082
0.01757711445566805	3083
0.017570470918719577	3084
0.01756176944149196	3085
0.01755695346223451	3086
0.017541724945716597	3087
0.017529590573029587	3088
0.017507410936998292	3089
0.017504078509605205	3090
0.01749475472512223	3091
0.01749089419277243	3092
0.01747668775599244	3093
0.017462306964008342	3094
0.017457776635050184	3095
0.017449628137938537	3096
0.017435585646705748	3097
0.017417195993072256	3098
0.017405949199162545	3099
0.017401922185677352	3100
0.0173970764557509	3101
0.01738276367240119	3102
0.017370993324170247	3103
0.017360722910551272	3104
0.01734843944008458	3105
0.017341733851996128	3106
0.017326570752652162	3107
0.01732215844738764	3108
0.017314440154310426	3109
0.017306651487526487	3110
0.017305720354265506	3111
0.017288279826716005	3112
0.017276436439144626	3113
0.017258137225047657	3114
0.017252135640804862	3115
0.017246256082642075	3116
0.01724394503368805	3117
0.01722351395227481	3118
0.017217936490184885	3119
0.017208458747603225	3120
0.017189954636685732	3121
0.017181242560998254	3122
0.017172924418445288	3123
0.017163333603632716	3124
0.017146573476351058	3125
0.01714072358752711	3126
0.01712960479585381	3127
0.017108539118960948	3128
0.017107444205540806	3129
0.01709529910621342	3130
0.017082837681814442	3131
0.01706245093762096	3132
0.017055713903680037	3133
0.017044335229557356	3134
0.017041048002278875	3135
0.017029271510662896	3136
0.017021361594410082	3137
0.017003816173018046	3138
0.01699386297058497	3139
0.016981859285060588	3140
0.016965652261292364	3141
0.016952068969582974	3142
0.016940191040666065	3143
0.016929541856488664	3144
0.016918348546030602	3145
0.016912383043102514	3146
0.016898959142184092	3147
0.016874071772164104	3148
0.016868039257399367	3149
0.016848757298101417	3150
0.016843459445949022	3151
0.016832851582226936	3152
0.01682418349897171	3153
0.016810596988297292	3154
0.016790964767633677	3155
0.016782280396697515	3156
0.01677488427660887	3157
0.016765924254515917	3158
0.01675985860081339	3159
0.01673939437054533	3160
0.016725111635740638	3161
0.016716479604052384	3162
0.016706553529101983	3163
0.016699204111126194	3164
0.01667314255072732	3165
0.016665098256873966	3166
0.016649457819526824	3167
0.01663664194375956	3168
0.01662453669436654	3169
0.01661576933595499	3170
0.016604002182099942	3171
0.016599420918982005	3172
0.01656723738090065	3173
0.016550922519540906	3174
0.01654195060266035	3175
0.016533397240562176	3176
0.01652136932912309	3177
0.016502439672094284	3178
0.016488845632234666	3179
0.016474058680879405	3180
0.016456994789375	3181
0.016435516819345537	3182
0.016426096637396033	3183
0.016412181435570692	3184
0.01639592901562236	3185
0.01637350765007561	3186
0.016357532466269014	3187
0.016342610390357525	3188
0.01631576833608883	3189
0.016313303542861556	3190
0.01627795465315432	3191
0.016273630137776236	3192
0.016248890288902	3193
0.01624013804175329	3194
0.016202904050206673	3195
0.01619618704191064	3196
0.016169563810745784	3197
0.016154886618319896	3198
0.01612765614017469	3199
0.016113174114935798	3200
0.016090967099660517	3201
0.016056639445605755	3202
0.016029367907397528	3203
0.016009882764126324	3204
0.015981412557068368	3205
0.015945372773094425	3206
0.015908462297376674	3207
0.015895812825628537	3208
0.01585432478566033	3209
0.015801838388915725	3210
0.015792751272932882	3211
0.01577757212799118	3212
0.015704514300432636	3213
0.015677221769196593	3214
0.015628884740068533	3215
0.015520445821945962	3216
0.015470568981243106	3217
0.015443404782002285	3218
0.015409302754971859	3219
0.015316693750995354	3220
0.015203466609120019	3221
0.01492941270808831	3222
0.014778862752515515	3223
0.014275940924581102	3224
0.013519924848096382	3225
0.013271716922033503	3226
0.0125257415054753	3227
0.012328758603891715	3228
0.012156369505648846	3229
0.011663345810005086	3230
0.011537072643716345	3231
0.011149139543700896	3232
0.010828088544666497	3233
0.010472512838953786	3234
0.010141126186939119	3235
0.009860035180017445	3236
0.009755922198409088	3237
0.00964548035668794	3238
6.212611169084235e-29	3239
